id,dealer_code,dealer_name,store_numbers,working_hours
1,12079,Brite Autowheels Pvt. Ltd.,"[""+917678649200"",""+917678647710"",""+919971168444""]","{""sun"":[{""working_from"":""1000"",""working_to"":""2000""}],""mon"":[{""working_from"":""1000"",""working_to"":""2000""}],""tue"":[{""working_from"":""1000"",""working_to"":""2000""}],""wed"":[{""working_from"":""1000"",""working_to"":""2000""}],""thu"":[{""working_from"":""1000"",""working_to"":""2000""}],""fri"":[{""working_from"":""0000"",""working_to"":""2000""}],""sat"":[{""working_from"":""1000"",""working_to"":""2000""}]}"
2,5206,North Delhi Motorcycles-Sales,"[""+919599686133"",""+919810558625"",""+919599686134"",""+918130495932"",""+917428895220"",""+917428192208"",""+919289711270""]","{""sun"":[{""working_from"":""1000"",""working_to"":""2000""}],""mon"":[{""working_from"":""1000"",""working_to"":""2000""}],""tue"":[{""working_from"":""1000"",""working_to"":""2000""}],""wed"":[{""working_from"":""1000"",""working_to"":""2000""}],""thu"":[{""working_from"":""1000"",""working_to"":""2000""}],""fri"":[{""working_from"":""1000"",""working_to"":""2000""}],""sat"":[{""working_from"":""1000"",""working_to"":""2000""}]}"
3,100,Lamba Enterprises Pvt Ltd Sales,"[""+918826414248"",""+919212509111"",""+919711210615"",""+919711308443"",""+917290928938"",""+917290954963"",""+919319391008"",""+917290022750""]","{""sun"":[{""working_from"":""1000"",""working_to"":""2000""}],""mon"":[{""working_from"":""1000"",""working_to"":""2000""}],""tue"":[{""working_from"":""1000"",""working_to"":""2000""}],""wed"":[{""working_from"":""1000"",""working_to"":""2000""}],""thu"":[{""working_from"":""1000"",""working_to"":""2000""}],""fri"":[{""working_from"":""1000"",""working_to"":""2000""}],""sat"":[{""working_from"":""1000"",""working_to"":""2000""}]}"
4,7529,Sunshine Automobiles,"[""+919910933189"",""+919810521757"",""+919205789286"",""+919953088843"",""+919821087286"",""+918448545998"",""+919718354590""]","{""sun"":[{""working_from"":""1000"",""working_to"":""2000""}],""mon"":[{""working_from"":""1000"",""working_to"":""2000""}],""tue"":[{""working_from"":""1000"",""working_to"":""2000""}],""wed"":[{""working_from"":""1000"",""working_to"":""2000""}],""thu"":[{""working_from"":""1000"",""working_to"":""2000""}],""fri"":[{""working_from"":""1000"",""working_to"":""2000""}],""sat"":[{""working_from"":""1000"",""working_to"":""2000""}]}"
5,11401,Jagadamba Automobiles,"[""+919591957677"",""+916366936948"",""+918884680086"",""+918971850087""]","{""sun"":[{""working_from"":""1000"",""working_to"":""2030""}],""mon"":[{""working_from"":""1000"",""working_to"":""2030""}],""tue"":[{""working_from"":""1000"",""working_to"":""2030""}],""wed"":[{""working_from"":""1000"",""working_to"":""2030""}],""thu"":[{""working_from"":""1000"",""working_to"":""2030""}],""fri"":[{""working_from"":""1000"",""working_to"":""2030""}],""sat"":[{""working_from"":""1000"",""working_to"":""2030""}]}"
6,96,AMAR AUTOS-SALE,"[""+919711767479"",""+919810092809"",""+918510092800"",""+918448988946"",""+918448988949""]","{""sun"":[{""working_from"":""1000"",""working_to"":""1900""}],""mon"":[{""working_from"":""1000"",""working_to"":""1900""}],""tue"":[{""working_from"":""1000"",""working_to"":""1900""}],""wed"":[{""working_from"":""1000"",""working_to"":""1900""}],""thu"":[{""working_from"":""1000"",""working_to"":""1900""}],""fri"":[{""working_from"":""1000"",""working_to"":""1900""}],""sat"":[{""working_from"":""1000"",""working_to"":""1900""}]}"
7,12007,Anjuli Automobiles Pvt. Ltd.,"[""+918750270991"",""+918851745757"",""+918750222891""]","{""sun"":[{""working_from"":""0800"",""working_to"":""2000""}],""mon"":[{""working_from"":""0800"",""working_to"":""2000""}],""tue"":[{""working_from"":""0800"",""working_to"":""2000""}],""wed"":[{""working_from"":""0800"",""working_to"":""2000""}],""thu"":[{""working_from"":""0800"",""working_to"":""2000""}],""fri"":[{""working_from"":""0800"",""working_to"":""2000""}],""sat"":[{""working_from"":""0800"",""working_to"":""2000""}]}"
8,1941,Soni Automobile Sales,"[""+919821384734"",""+919818531804"",""+919990206126"",""+919873069001"",""+919599004447"",""+919599113096""]","{""sun"":[{""working_from"":""0930"",""working_to"":""2000""}],""mon"":[{""working_from"":""0930"",""working_to"":""2000""}],""tue"":[{""working_from"":""0930"",""working_to"":""2000""}],""wed"":[{""working_from"":""0930"",""working_to"":""2000""}],""thu"":[{""working_from"":""0930"",""working_to"":""2000""}],""fri"":[{""working_from"":""0930"",""working_to"":""2000""}],""sat"":[{""working_from"":""0930"",""working_to"":""1800""}]}"
9,100262,Company Store Bangalore- Bannerghatta Road,"[""+919901436335"",""+917816020232"",""+919341393955"",""+917996447474""]","{""sun"":[{""working_from"":""0900"",""working_to"":""2000""}],""mon"":[{""working_from"":""0900"",""working_to"":""2000""}],""tue"":[{""working_from"":""0900"",""working_to"":""2000""}],""wed"":[{""working_from"":""0900"",""working_to"":""2000""}],""thu"":[{""working_from"":""0900"",""working_to"":""2000""}],""fri"":[{""working_from"":""0900"",""working_to"":""2000""}],""sat"":[{""working_from"":""0900"",""working_to"":""2000""}]}"
10,5112,Cruiser Motors Pvt Ltd-Sales,"[""+917290042301"",""+917042489500"",""+919873559184"",""+918860101151"",""+919811049505"",""+917290051053"",""+919136409595"",""+918459994890"",""+918459132266"",""+917042519922""]","{""sun"":[{""working_from"":""1030"",""working_to"":""1930""}],""mon"":[{""working_from"":""1030"",""working_to"":""2000""}],""tue"":[{""working_from"":""1030"",""working_to"":""2000""}],""wed"":[{""working_from"":""1030"",""working_to"":""2000""}],""thu"":[{""working_from"":""1030"",""working_to"":""2000""}],""fri"":[{""working_from"":""1030"",""working_to"":""2000""}],""sat"":[{""working_from"":""1030"",""working_to"":""2000""}]}"
11,11618,North Delhi Motorcycle,"[""+919311499132"",""+919311499133"",""+919311499131"",""+917428895221"",""+917428192206"",""+918130522235"",""+919319683171"",""+917428192203""]","{""sun"":[{""working_from"":""1000"",""working_to"":""2000""}],""mon"":[{""working_from"":""1000"",""working_to"":""2000""}],""tue"":[{""working_from"":""1000"",""working_to"":""2000""}],""wed"":[{""working_from"":""1000"",""working_to"":""2000""}],""thu"":[{""working_from"":""1000"",""working_to"":""2000""}],""fri"":[{""working_from"":""1000"",""working_to"":""2000""}],""sat"":[{""working_from"":""1000"",""working_to"":""2000""}]}"
12,100044,Company Showroom Adyar Chennai – Sales,"[""+919176967797"",""+917200329667"",""+919789739286"",""+919656719012"",""+919384847790"",""+918939232423"",""+919176024525"",""+918939847860""]","{""sun"":[{""working_from"":""1000"",""working_to"":""1900""}],""mon"":[{""working_from"":""1000"",""working_to"":""1900""}],""tue"":[{""working_from"":""1000"",""working_to"":""1900""}],""wed"":[{""working_from"":""1000"",""working_to"":""1900""}],""thu"":[{""working_from"":""1000"",""working_to"":""1900""}],""fri"":[{""working_from"":""1000"",""working_to"":""1900""}],""sat"":[{""working_from"":""1000"",""working_to"":""1900""}]}"
13,12421,Kwality Mobikes Private Limited.,"[""+919980263789"",""+917676243321"",""+917676241635"",""+916360811254"",""+917676257024"",""+916361127627"",""+919538633447""]","{""sun"":[{""working_from"":""1000"",""working_to"":""1900""}],""mon"":[{""working_from"":""1000"",""working_to"":""2000""}],""tue"":[{""working_from"":""1000"",""working_to"":""2000""}],""wed"":[{""working_from"":""1000"",""working_to"":""2000""}],""thu"":[{""working_from"":""1000"",""working_to"":""2000""}],""fri"":[{""working_from"":""1000"",""working_to"":""2000""}],""sat"":[{""working_from"":""1000"",""working_to"":""2000""}]}"
14,258,Dhone Automobiles M,"[""+918856873258"",""+919822454354"",""+919699746973"",""+917028045693"",""+917767813777"",""+917767823777"",""+917219872156""]","{""sun"":[{""working_from"":""0930"",""working_to"":""1930""}],""mon"":[{""working_from"":""0930"",""working_to"":""1930""}],""tue"":[{""working_from"":""0930"",""working_to"":""1930""}],""wed"":[{""working_from"":""0930"",""working_to"":""1930""}],""thu"":[{""working_from"":""0930"",""working_to"":""1930""}],""fri"":[{""working_from"":""0930"",""working_to"":""1930""}],""sat"":[{""working_from"":""0930"",""working_to"":""1930""}]}"
15,13668,Nexus Motorrad,"[""+919884799002"",""+919884799112"",""+919884799113"",""+919884799339""]","{""sun"":[{""working_from"":""0930"",""working_to"":""2000""}],""mon"":[{""working_from"":""0930"",""working_to"":""2000""}],""tue"":[{""working_from"":""0930"",""working_to"":""2000""}],""wed"":[{""working_from"":""0930"",""working_to"":""2000""}],""thu"":[{""working_from"":""0930"",""working_to"":""2000""}],""fri"":[{""working_from"":""0930"",""working_to"":""2000""}],""sat"":[{""working_from"":""0930"",""working_to"":""2000""}]}"
16,4122,Sarabhai Motors-Sales,"[""+919737749922"",""+919824043298"",""+919737726688"",""+919737794433"",""+919737723322"",""+917096183087"",""+919737725522"",""+919737700335""]","{""sun"":[{""working_from"":""1100"",""working_to"":""1630""}],""mon"":[{""working_from"":""1000"",""working_to"":""2030""}],""tue"":[{""working_from"":""1000"",""working_to"":""2030""}],""wed"":[{""working_from"":""1000"",""working_to"":""2030""}],""thu"":[{""working_from"":""1000"",""working_to"":""2030""}],""fri"":[{""working_from"":""1000"",""working_to"":""2030""}],""sat"":[{""working_from"":""1000"",""working_to"":""2030""}]}"
17,6281,Bishnu Oil Company,"[""+919874246441"",""+919831655999"",""+919051188996"",""+919051409911"",""+919875500401"",""+919883638930"",""+919874091119"",""+919051061909""]","{""sun"":[{""working_from"":""1000"",""working_to"":""1930""}],""mon"":[{""working_from"":""1000"",""working_to"":""1930""}],""tue"":[{""working_from"":""1000"",""working_to"":""1930""}],""wed"":[{""working_from"":""1000"",""working_to"":""1930""}],""thu"":[{""working_from"":""1000"",""working_to"":""1930""}],""fri"":[{""working_from"":""1000"",""working_to"":""1930""}],""sat"":[{""working_from"":""1000"",""working_to"":""1930""}]}"
18,3805,Shahila Expositions Pvt.Ltd-Sales,"[""+919706533264"",""+919706381891"",""+919854911186"",""+919706077792"",""+916001175227"",""+919619767162"",""+919864131610"",""+919706319499"",""+919435143095"",""+917002652785"",""+919864206350"",""+917636804626""]","{""sun"":[{""working_from"":""0900"",""working_to"":""1930""}],""mon"":[{""working_from"":""0900"",""working_to"":""1930""}],""tue"":[{""working_from"":""0900"",""working_to"":""1930""}],""wed"":[{""working_from"":""0900"",""working_to"":""1930""}],""thu"":[{""working_from"":""0900"",""working_to"":""1930""}],""fri"":[{""working_from"":""0900"",""working_to"":""1930""}],""sat"":[{""working_from"":""0900"",""working_to"":""1930""}]}"
19,4900,SONIYA MOTORS PVT. LTD. THANE SALES,"[""+919320412838"",""+918879522203"",""+918369720195"",""+917039894544"",""+919702184461"",""+919594876173""]","{""sun"":[{""working_from"":""1000"",""working_to"":""2000""}],""mon"":[{""working_from"":""1000"",""working_to"":""2000""}],""tue"":[{""working_from"":""1000"",""working_to"":""2000""}],""wed"":[{""working_from"":""1000"",""working_to"":""2000""}],""thu"":[{""working_from"":""1000"",""working_to"":""2000""}],""fri"":[{""working_from"":""1000"",""working_to"":""2000""}],""sat"":[{""working_from"":""1000"",""working_to"":""2000""}]}"
20,11446,Savera Motors,"[""+919160020989"",""+919701364379""]","{""sun"":[{""working_from"":""0930"",""working_to"":""2000""}],""mon"":[{""working_from"":""0930"",""working_to"":""2000""}],""tue"":[{""working_from"":""0930"",""working_to"":""2000""}],""wed"":[{""working_from"":""0930"",""working_to"":""2000""}],""thu"":[{""working_from"":""0930"",""working_to"":""2000""}],""fri"":[{""working_from"":""0930"",""working_to"":""2000""}],""sat"":[{""working_from"":""0930"",""working_to"":""2000""}]}"
21,10975,Dhone Automobiles Y,"[""+917028920533"",""+917028922644"",""+918669816766"",""+919822454354"",""+917219872159"",""+917028045689"",""+917798800538""]","{""sun"":[{""working_from"":""0930"",""working_to"":""2000""}],""mon"":[{""working_from"":""0930"",""working_to"":""2000""}],""tue"":[{""working_from"":""0930"",""working_to"":""2000""}],""wed"":[{""working_from"":""0930"",""working_to"":""2000""}],""thu"":[{""working_from"":""0930"",""working_to"":""2000""}],""fri"":[{""working_from"":""0930"",""working_to"":""2000""}],""sat"":[{""working_from"":""0930"",""working_to"":""2000""}]}"
22,3386,Siddhi Vinayak Automobiles - Sales,"[""+918294005555"",""+919608603110"",""+919369569799"",""+919031084581"",""+916205207394""]","{""sun"":[{""working_from"":""1000"",""working_to"":""1900""}],""mon"":[{""working_from"":""1000"",""working_to"":""1900""}],""tue"":[{""working_from"":""1000"",""working_to"":""1900""}],""wed"":[{""working_from"":""1000"",""working_to"":""1900""}],""thu"":[{""working_from"":""1000"",""working_to"":""1900""}],""fri"":[{""working_from"":""1000"",""working_to"":""1900""}],""sat"":[{""working_from"":""1000"",""working_to"":""1900""}]}"
23,5763,SHAH DISTRIBUTORS (AUTO DIVISION),"[""+919163797451"",""+917980212030"",""+918910591169"",""+917003879264"",""+919830276675""]","{""sun"":[{""working_from"":""1000"",""working_to"":""1900""}],""mon"":[{""working_from"":""1000"",""working_to"":""2000""}],""tue"":[{""working_from"":""1000"",""working_to"":""2000""}],""wed"":[{""working_from"":""1000"",""working_to"":""2000""}],""thu"":[{""working_from"":""1000"",""working_to"":""2000""}],""fri"":[{""working_from"":""1000"",""working_to"":""2000""}],""sat"":[{""working_from"":""1000"",""working_to"":""2000""}]}"
24,5198,Ishna Wheels,"[""+919819549111"",""+919819542111"",""+919833568269"",""+918291098089"",""+919769060970"",""+917977808419"",""+918879330224""]","{""sun"":[{""working_from"":""1100"",""working_to"":""1800""}],""mon"":[{""working_from"":""1000"",""working_to"":""2000""}],""tue"":[{""working_from"":""1000"",""working_to"":""2000""}],""wed"":[{""working_from"":""1000"",""working_to"":""2000""}],""thu"":[{""working_from"":""1000"",""working_to"":""2000""}],""fri"":[{""working_from"":""1000"",""working_to"":""2000""}],""sat"":[{""working_from"":""1000"",""working_to"":""2000""}]}"
25,6634,S.V. Motors- Sales,"[""+918106713349"",""+918886680882""]","{""sun"":[{""working_from"":""1000"",""working_to"":""2000""}],""mon"":[{""working_from"":""1000"",""working_to"":""2000""}],""tue"":[{""working_from"":""1000"",""working_to"":""2000""}],""wed"":[{""working_from"":""1000"",""working_to"":""2000""}],""thu"":[{""working_from"":""1000"",""working_to"":""2000""}],""fri"":[{""working_from"":""1000"",""working_to"":""2000""}],""sat"":[{""working_from"":""1000"",""working_to"":""2000""}]}"
26,11790,Jaipur Bike Company,"[""+918306366693"",""+917300071851""]","{""sun"":[{""working_from"":""0930"",""working_to"":""1900""}],""mon"":[{""working_from"":""0930"",""working_to"":""1900""}],""tue"":[{""working_from"":""0930"",""working_to"":""1900""}],""wed"":[{""working_from"":""0930"",""working_to"":""1900""}],""thu"":[{""working_from"":""0930"",""working_to"":""1900""}],""fri"":[{""working_from"":""0930"",""working_to"":""1900""}],""sat"":[{""working_from"":""0930"",""working_to"":""1900""}]}"
27,265,Ostwal Auto Sales,"[""+919767636997"",""+919422255773"",""+919423086333"",""+919766772198"",""+919022743737"",""+918805604949"",""+919822762208"",""+917447744004"",""+919404515420"",""+917447744002"",""+919225798718"",""+917447744003"",""+919322904899"",""+917841877512"",""+917447744001""]","{""mon"":[{""working_from"":""0930"",""working_to"":""1930""}],""tue"":[{""working_from"":""0930"",""working_to"":""1930""}],""wed"":[{""working_from"":""0930"",""working_to"":""1930""}],""thu"":[{""working_from"":""0930"",""working_to"":""1930""}],""fri"":[{""working_from"":""0930"",""working_to"":""1930""}],""sat"":[{""working_from"":""0930"",""working_to"":""1930""}]}"
28,5808,AGRA ROYALS-SALES,"[""+917055312112"",""+917456002597"",""+918057111146"",""+917055312106"",""+917300501304"",""+917055312115""]","{""sun"":[{""working_from"":""1000"",""working_to"":""2000""}],""mon"":[{""working_from"":""1000"",""working_to"":""2000""}],""tue"":[{""working_from"":""1000"",""working_to"":""2000""}],""wed"":[{""working_from"":""1000"",""working_to"":""2000""}],""thu"":[{""working_from"":""1000"",""working_to"":""2000""}],""fri"":[{""working_from"":""1000"",""working_to"":""2000""}],""sat"":[{""working_from"":""1000"",""working_to"":""2000""}]}"
29,4356,SHRI MUNISHWAR MOTORS PVT LTD SALES,"[""+919036882773"",""+918105282000"",""+919845023535"",""+919036082772"",""+919964322773""]","{""sun"":[{""working_from"":""1000"",""working_to"":""1900""}],""mon"":[{""working_from"":""1000"",""working_to"":""1900""}],""tue"":[{""working_from"":""1000"",""working_to"":""1900""}],""wed"":[{""working_from"":""1000"",""working_to"":""1900""}],""thu"":[{""working_from"":""1000"",""working_to"":""1900""}],""fri"":[{""working_from"":""1000"",""working_to"":""1900""}],""sat"":[{""working_from"":""1000"",""working_to"":""1900""}]}"
30,12796,Allied Auto Agencies,"[""+918273689543"",""+919690777771"",""+917088888078"",""+917088909333"",""+917252000488"",""+917252000560"",""+919568223402"",""+917252000490""]","{""sun"":[{""working_from"":""0900"",""working_to"":""2100""}],""mon"":[{""working_from"":""0900"",""working_to"":""2100""}],""tue"":[{""working_from"":""0900"",""working_to"":""2100""}],""wed"":[{""working_from"":""0900"",""working_to"":""2100""}],""thu"":[{""working_from"":""0900"",""working_to"":""2100""}],""fri"":[{""working_from"":""0900"",""working_to"":""2100""}],""sat"":[{""working_from"":""0900"",""working_to"":""2100""}]}"
31,6344,Ved Motors - Sales,"[""+917038360550"",""+918446988097"",""+917030907022"",""+917030907015"",""+917030907018"",""+917030907029""]","{""mon"":[{""working_from"":""1000"",""working_to"":""1930""}],""tue"":[{""working_from"":""1000"",""working_to"":""1930""}],""wed"":[{""working_from"":""1000"",""working_to"":""1930""}],""thu"":[{""working_from"":""1000"",""working_to"":""1930""}],""fri"":[{""working_from"":""1000"",""working_to"":""1930""}],""sat"":[{""working_from"":""1000"",""working_to"":""1930""}]}"
32,11558,Shreeji Automobiles,"[""+919871628899"",""+918303977294"",""+918448140041"",""+919289108898"",""+919289108899""]","{""sun"":[{""working_from"":""0900"",""working_to"":""1830""}],""mon"":[{""working_from"":""0900"",""working_to"":""1830""}],""tue"":[{""working_from"":""0900"",""working_to"":""1830""}],""wed"":[{""working_from"":""0900"",""working_to"":""1830""}],""thu"":[{""working_from"":""0900"",""working_to"":""1830""}],""fri"":[{""working_from"":""0900"",""working_to"":""1830""}],""sat"":[{""working_from"":""0900"",""working_to"":""1830""}]}"
33,244,MARIKAR MOTORS SALES,"[""+919947774461"",""+919847064032"",""+919526707444"",""+919847066613"",""+917593000469"",""+919562166629"",""+919947031124"",""+918848665962"",""+919744673111"",""+919526584442""]","{""sun"":[{""working_from"":""0900"",""working_to"":""1800""}],""mon"":[{""working_from"":""0900"",""working_to"":""1900""}],""tue"":[{""working_from"":""0900"",""working_to"":""1900""}],""wed"":[{""working_from"":""0900"",""working_to"":""1900""}],""thu"":[{""working_from"":""0900"",""working_to"":""1900""}],""fri"":[{""working_from"":""0900"",""working_to"":""1900""}],""sat"":[{""working_from"":""0900"",""working_to"":""1900""}]}"
34,6903,Munjani Motors- Sales,"[""+917436000100"",""+919825919771"",""+917436000200"",""+917436000500""]","{""sun"":[{""working_from"":""1030"",""working_to"":""1400""}],""mon"":[{""working_from"":""0930"",""working_to"":""1900""}],""tue"":[{""working_from"":""0930"",""working_to"":""1900""}],""wed"":[{""working_from"":""0930"",""working_to"":""1900""}],""thu"":[{""working_from"":""0930"",""working_to"":""1900""}],""fri"":[{""working_from"":""0930"",""working_to"":""1900""}],""sat"":[{""working_from"":""0930"",""working_to"":""1900""}]}"
35,85,SILIGURI DISTRIBUTORS,"[""+919434465617"",""+917479043404"",""+917029235988"",""+918158823222""]","{""sun"":[{""working_from"":""0930"",""working_to"":""2030""}],""mon"":[{""working_from"":""0930"",""working_to"":""2030""}],""tue"":[{""working_from"":""0930"",""working_to"":""2030""}],""wed"":[{""working_from"":""0930"",""working_to"":""2030""}],""thu"":[{""working_from"":""0930"",""working_to"":""2030""}],""fri"":[{""working_from"":""0930"",""working_to"":""2030""}],""sat"":[{""working_from"":""0930"",""working_to"":""2030""}]}"
36,4311,RR Automotive - Sales,"[""+918878666102"",""+917389478110"",""+919826660605"",""+918770943012"",""+917987936129"",""+918878660200"",""+918819096334"",""+918349825332""]","{""sun"":[{""working_from"":""1100"",""working_to"":""1900""}],""mon"":[{""working_from"":""0930"",""working_to"":""2030""}],""tue"":[{""working_from"":""0930"",""working_to"":""2030""}],""wed"":[{""working_from"":""0930"",""working_to"":""2030""}],""thu"":[{""working_from"":""0930"",""working_to"":""2030""}],""fri"":[{""working_from"":""0930"",""working_to"":""2030""}],""sat"":[{""working_from"":""0930"",""working_to"":""2030""}]}"
37,100042,Company Showroom Bandra - Sales,"[""+918850761840"",""+919769873687""]","{""sun"":[{""working_from"":""1000"",""working_to"":""2000""}],""mon"":[{""working_from"":""1000"",""working_to"":""2000""}],""tue"":[{""working_from"":""1000"",""working_to"":""2000""}],""wed"":[{""working_from"":""1000"",""working_to"":""2000""}],""thu"":[{""working_from"":""1000"",""working_to"":""2000""}],""fri"":[{""working_from"":""1000"",""working_to"":""2000""}],""sat"":[{""working_from"":""1000"",""working_to"":""2000""}]}"
38,6182,Bullmenn Motors,"[""+919514555506"",""+917092900000"",""+919345091526"",""+919600890999"",""+919629733351"",""+919994577767"",""+919150004634"",""+919514555513""]","{""sun"":[{""working_from"":""1000"",""working_to"":""2030""}],""mon"":[{""working_from"":""0900"",""working_to"":""2030""}],""tue"":[{""working_from"":""0900"",""working_to"":""2030""}],""wed"":[{""working_from"":""0900"",""working_to"":""2030""}],""thu"":[{""working_from"":""0900"",""working_to"":""2030""}],""fri"":[{""working_from"":""0900"",""working_to"":""2030""}],""sat"":[{""working_from"":""0900"",""working_to"":""2030""}]}"
39,11925,Vogue Motocorp,"[""+919892929339"",""+917498546818"",""+919167996003"",""+918433557733"",""+919029159800"",""+917304793314"",""+919136673901""]","{""sun"":[{""working_from"":""1000"",""working_to"":""2000""}],""mon"":[{""working_from"":""1000"",""working_to"":""2000""}],""tue"":[{""working_from"":""1000"",""working_to"":""2000""}],""wed"":[{""working_from"":""1000"",""working_to"":""2000""}],""thu"":[{""working_from"":""1000"",""working_to"":""2000""}],""fri"":[{""working_from"":""1000"",""working_to"":""2000""}],""sat"":[{""working_from"":""1000"",""working_to"":""2000""}]}"
40,7423,Anmol Motors,"[""+917440017199"",""+919437018811"",""+917440017195"",""+919777112527"",""+917440017196""]","{""sun"":[{""working_from"":""0900"",""working_to"":""1900""}],""mon"":[{""working_from"":""0900"",""working_to"":""1900""}],""tue"":[{""working_from"":""0900"",""working_to"":""1900""}],""wed"":[{""working_from"":""0900"",""working_to"":""1900""}],""thu"":[{""working_from"":""0900"",""working_to"":""1900""}],""fri"":[{""working_from"":""0900"",""working_to"":""1900""}],""sat"":[{""working_from"":""0900"",""working_to"":""1900""}]}"
41,93,MANMOHAN AUTO STORES-SALES,"[""+919216567888"",""+918558888115"",""+919216527366"",""+917986644647"",""+919216578887"",""+919888027366""]","{""sun"":[{""working_from"":""0930"",""working_to"":""1500""}],""mon"":[{""working_from"":""0930"",""working_to"":""1930""}],""tue"":[{""working_from"":""0930"",""working_to"":""1930""}],""wed"":[{""working_from"":""0930"",""working_to"":""1930""}],""thu"":[{""working_from"":""0930"",""working_to"":""1930""}],""fri"":[{""working_from"":""0930"",""working_to"":""1930""}],""sat"":[{""working_from"":""0930"",""working_to"":""1930""}]}"
42,100197,Company Showroom Saket - Sales,"[""+919311539997"",""+919311545007"",""+919953307778"",""+919311544229"",""+919311544699"",""+917210552468"",""+919311545008""]","{""sun"":[{""working_from"":""1100"",""working_to"":""2030""}],""mon"":[{""working_from"":""1100"",""working_to"":""2030""}],""tue"":[{""working_from"":""1100"",""working_to"":""2030""}],""wed"":[{""working_from"":""1100"",""working_to"":""2030""}],""thu"":[{""working_from"":""1100"",""working_to"":""2030""}],""fri"":[{""working_from"":""1100"",""working_to"":""2030""}],""sat"":[{""working_from"":""1100"",""working_to"":""2030""}]}"
43,100030,Company Showroom Hyderabad – Sales,"[""+917013304942"",""+919133312739""]","{""sun"":[{""working_from"":""0900"",""working_to"":""2100""}],""mon"":[{""working_from"":""0900"",""working_to"":""2100""}],""tue"":[{""working_from"":""0900"",""working_to"":""2100""}],""wed"":[{""working_from"":""0900"",""working_to"":""2100""}],""thu"":[{""working_from"":""0900"",""working_to"":""2100""}],""fri"":[{""working_from"":""0900"",""working_to"":""2100""}],""sat"":[{""working_from"":""0900"",""working_to"":""2100""}]}"
44,4796,Brahma Motors -Sales,"[""+917888002032"",""+917276307799"",""+919552449911"",""+917276033077"",""+917888002034"",""+917888002057"",""+917888002060"",""+917888002033"",""+917888002031""]","{""sun"":[{""working_from"":""0900"",""working_to"":""2000""}],""mon"":[{""working_from"":""0900"",""working_to"":""2000""}],""tue"":[{""working_from"":""0900"",""working_to"":""2000""}],""wed"":[{""working_from"":""0900"",""working_to"":""2000""}],""thu"":[{""working_from"":""0900"",""working_to"":""2000""}],""fri"":[{""working_from"":""0900"",""working_to"":""2000""}],""sat"":[{""working_from"":""0900"",""working_to"":""2000""}]}"
45,2197,AHUJA ENTERPRISES - SALES,"[""+917983954536"",""+919997422035"",""+918449088886"",""+918979343451""]","{""mon"":[{""working_from"":""0930"",""working_to"":""2030""}],""tue"":[{""working_from"":""0930"",""working_to"":""2030""}],""wed"":[{""working_from"":""0930"",""working_to"":""2030""}],""thu"":[{""working_from"":""0930"",""working_to"":""2030""}],""fri"":[{""working_from"":""0930"",""working_to"":""2030""}],""sat"":[{""working_from"":""0930"",""working_to"":""2030""}]}"
46,12946,Maverick Motors LLP,"[""+918095633350"",""+919606955051""]","{""sun"":[{""working_from"":""1000"",""working_to"":""1800""}],""mon"":[{""working_from"":""1000"",""working_to"":""1800""}],""tue"":[{""working_from"":""1000"",""working_to"":""1800""}],""wed"":[{""working_from"":""1000"",""working_to"":""1800""}],""thu"":[{""working_from"":""1000"",""working_to"":""1800""}],""fri"":[{""working_from"":""1000"",""working_to"":""1800""}],""sat"":[{""working_from"":""1000"",""working_to"":""1800""}]}"
47,7926,FIRST MUMBAI STORE LLP - SALES,"[""+919820888808"",""+919152007373"",""+919152090130"",""+919152007365""]","{""sun"":[{""working_from"":""0930"",""working_to"":""2100""}],""mon"":[{""working_from"":""0930"",""working_to"":""2100""}],""tue"":[{""working_from"":""0930"",""working_to"":""2100""}],""wed"":[{""working_from"":""0930"",""working_to"":""2100""}],""thu"":[{""working_from"":""0930"",""working_to"":""2100""}],""fri"":[{""working_from"":""0930"",""working_to"":""2100""}],""sat"":[{""working_from"":""0930"",""working_to"":""2100""}]}"
48,11893,Krishna Automotive,"[""+919399491924"",""+919630000163"",""+916232791553"",""+918770950700""]","{""sun"":[{""working_from"":""0900"",""working_to"":""2000""}],""mon"":[{""working_from"":""0900"",""working_to"":""2000""}],""tue"":[{""working_from"":""0900"",""working_to"":""2000""}],""wed"":[{""working_from"":""0900"",""working_to"":""2000""}],""thu"":[{""working_from"":""0900"",""working_to"":""2000""}],""fri"":[{""working_from"":""0900"",""working_to"":""2000""}],""sat"":[{""working_from"":""0900"",""working_to"":""2000""}]}"
49,11834,PR Motocorp,"[""+919151005552"",""+919795677777"",""+917458045545"",""+919151005568"",""+919151005560"",""+919151005573""]","{""sun"":[{""working_from"":""0930"",""working_to"":""1930""}],""mon"":[{""working_from"":""0930"",""working_to"":""1930""}],""tue"":[{""working_from"":""0930"",""working_to"":""1930""}],""wed"":[{""working_from"":""0930"",""working_to"":""1930""}],""thu"":[{""working_from"":""0930"",""working_to"":""1930""}],""fri"":[{""working_from"":""0930"",""working_to"":""1930""}],""sat"":[{""working_from"":""0930"",""working_to"":""1930""}]}"
50,12720,Vignesh Motors,"[""+917305091127"",""+919150068024"",""+917305091186"",""+919150051734"",""+919150068022"",""+919150051700"",""+918129264499"",""+917845718891"",""+917845718862""]","{""sun"":[{""working_from"":""0930"",""working_to"":""2000""}],""mon"":[{""working_from"":""0930"",""working_to"":""2000""}],""tue"":[{""working_from"":""0930"",""working_to"":""2000""}],""wed"":[{""working_from"":""0930"",""working_to"":""2000""}],""thu"":[{""working_from"":""0930"",""working_to"":""2000""}],""fri"":[{""working_from"":""0930"",""working_to"":""2000""}],""sat"":[{""working_from"":""0930"",""working_to"":""2000""}]}"
51,13428,SRI RAJARAJESHWARA AUTOMOTIVES,"[""+918466995499"",""+917286995499""]","{""sun"":[{""working_from"":""0900"",""working_to"":""2000""}],""mon"":[{""working_from"":""0900"",""working_to"":""2000""}],""tue"":[{""working_from"":""0900"",""working_to"":""2000""}],""wed"":[{""working_from"":""0900"",""working_to"":""2000""}],""thu"":[{""working_from"":""0900"",""working_to"":""2000""}],""fri"":[{""working_from"":""0900"",""working_to"":""2000""}],""sat"":[{""working_from"":""0900"",""working_to"":""2000""}]}"
